Disease,Both Eye,Spread,Eye Injury,Red Eye,Pain or discomfort in the eye,Pain or discomfort around the eye,Pain or discomfort at eyelid,Burning,Itchy,Watery,Dry,Blinking Frequently,Something in eye,Greenish or yellowish and sticky,Watery and transparent,Sensitive to light,Reddened Eyelid,Crusty Eyelid,Blurry vision,Vision loss in central,Straight lines seeming bent,Dark floating spot,Double vision,Squinting Eye,Color Vision,Night Vision,Halos Vision,Contact Lens,Cold,Infection,Diabetes,Age
Blepharitis,1*0.5,0,0,1*0.5,1*0.6,0,1*0.7,1*0.7,0,1*0.5,1*0.5,0,1*0.8,0,0,1*0.7,1*0.8,1*0.8,1*0.8,0,0,0,0,0,0,0,0,0,0,0,0,age>40*0.7
Cataract,1*0.5,1*0.3,0,1*0.1,0,0,0,0,0,0,0,0,0,0,0,1*0.7,0,0,1*0.8,0,0,0,0,0,1*0.8,1*0.7,1*0.8,1*0.5,0,0,0,age>60*0.8
Macular Degeneration,1*0.5,0,0,0,0,0,0,0,0,0,0,0,0,0,0,0,0,0,1*0.9,1*0.9,1*0.8,0,0,0,1*0.6,1*0.7,0,0,0,0,0,age>60*0.9
Allergic Conjunctivitis,1*0.8,1*0.3,1*0.1,1*1.0,1*0.5,0,0,1*0.6,1*0.7,1*0.7,0,0,0,0,0,0,1*0.6,1*0.2,1*0.6,0,0,0,0,0,1*0.2,0,0,1*0.2,1*0.2,1*0.2,0,age>50*0.5
Bacteria Conjunctivitis,1*0.5,1*0.1,0,1*1.0,1*0.5,0,0,1*0.3,1*0.6,0,0,0,0,1*0.8,0,1*0.5,1*0.1,1*0.6,1*0.3,0,0,0,0,0,0,0,0,1*0.8,1*0.1,1*0.7,0,age>50*0.5
Viral Conjunctivitis,1*0.5,1*0.8,0,1*1.0,1*0.5,0,0,1*0.3,1*0.6,1*0.8,0,0,0,0,1*0.8,1*0.6,0,0,1*0.3,0,0,0,0,0,0,0,0,1*0.5,1*0.7,1*0.2,0,age>50*0.5
Dry eye syndrome,1*0.5,0,0,1*0.8,1*0.7,0,0,1*0.6,1*0.6,1*0.6,1*1.0,1*0.6,1*0.7,0,0,1*0.8,0,0,1*0.6,0,0,0,0,0,0,1*0.7,0,1*0.7,0,0,0,age>50*0.5
Uevitis,1*0.5,1*0.1,0,1*1.0,1*0.7,0,0,0,0,0,0,0,0,0,0,1*0.7,0,0,1*0.8,0,0,1*1.0,0,1*0.7,1*0.2,0,0,0,0,0,0,age>50*0.5
Diabetic Retinopathy,1*0.8,0,0,0,0,0,0,0,0,0,0,0,0,0,0,0,0,0,1*0.8,0,0,1*0.8,1*0.8,1*0.8,1*0.7,1*0.7,0,0,0,0,1*1.0,age>12*1.0
Keratitis,1*0.3,1*0.4,1*0.7,1*0.8,1*0.8,0,0,0,0,1*0.6,0,0,1*0.7,1*0.2,1*0.2,1*0.7,0,0,1*0.8,0,0,0,0,0,0,0,0,1*0.8,1*0.2,0,0,age>50*0.5
